image,cluster
Screenshot 2026-04-06 162248.png,5
Screenshot 2026-04-06 162304.png,1
Screenshot 2026-04-06 162321.png,5
Screenshot 2026-04-06 162406.png,0
Screenshot 2026-04-06 162418.png,0
Screenshot 2026-04-06 162431.png,5
Screenshot 2026-04-06 162517.png,0
Screenshot 2026-04-06 162531.png,4
Screenshot 2026-04-06 162543.png,5
Screenshot 2026-04-06 162911.png,1
Screenshot 2026-04-06 162923.png,0
Screenshot 2026-04-06 162946.png,0
Screenshot 2026-04-06 162956.png,0
Screenshot 2026-04-06 163009.png,5
Screenshot 2026-04-06 163017.png,5
Screenshot 2026-04-06 163023.png,5
Screenshot 2026-04-06 163033.png,5
Screenshot 2026-04-06 163043.png,5
Screenshot 2026-04-06 163053.png,1
Screenshot 2026-04-06 163102.png,5
Screenshot 2026-04-06 163125.png,5
Screenshot 2026-04-06 163208.png,4
Screenshot 2026-04-06 163520.png,0
Screenshot 2026-04-06 163531.png,4
Screenshot 2026-04-06 163540.png,1
Screenshot 2026-04-06 163550.png,5
Screenshot 2026-04-06 163603.png,0
Screenshot 2026-04-06 163614.png,5
Screenshot 2026-04-06 163625.png,4
Screenshot 2026-04-06 163640.png,4
Screenshot 2026-04-06 163652.png,0
Screenshot 2026-04-06 163702.png,4
Screenshot 2026-04-06 163711.png,0
Screenshot 2026-04-06 163722.png,0
Screenshot 2026-04-06 163845.png,0
Screenshot 2026-04-06 163913.png,4
Screenshot 2026-04-06 163925.png,4
Screenshot 2026-04-06 163936.png,4
Screenshot 2026-04-06 164005.png,5
Screenshot 2026-04-06 164142.png,6
Screenshot 2026-04-06 164155.png,3
Screenshot 2026-04-06 164558.png,3
Screenshot 2026-04-06 164625.png,5
Screenshot 2026-04-06 164633.png,0
Screenshot 2026-04-06 164642.png,1
Screenshot 2026-04-06 164650.png,2
Screenshot 2026-04-06 164701.png,0
Screenshot 2026-04-06 164713.png,0
Screenshot 2026-04-06 164726.png,5
Screenshot 2026-04-06 164740.png,0
Screenshot 2026-04-06 164748.png,0
Screenshot 2026-04-06 164758.png,4
Screenshot 2026-04-06 164807.png,1
Screenshot 2026-04-06 164820.png,5
Screenshot 2026-04-06 164830.png,1
Screenshot 2026-04-06 165604.png,5
Screenshot 2026-04-06 165612.png,5
Screenshot 2026-04-06 165621.png,1
Screenshot 2026-04-06 165631.png,1
Screenshot 2026-04-06 165641.png,4
Screenshot 2026-04-06 165652.png,0
Screenshot 2026-04-06 165703.png,5
Screenshot 2026-04-06 165715.png,5
Screenshot 2026-04-06 165727.png,0
Screenshot 2026-04-06 165739.png,5
Screenshot 2026-04-06 165749.png,5
Screenshot 2026-04-06 170128.png,4
Screenshot 2026-04-06 170137.png,4
Screenshot 2026-04-06 170147.png,1
Screenshot 2026-04-06 170519.png,0
